DROP DATABASE `wmservices`;

-- MySQL Script generated by MySQL Workbench
-- Thu May 23 16:26:38 2024
-- Model: New Model    Version: 1.0
-- MySQL Workbench Forward Engineering

SET @OLD_UNIQUE_CHECKS=@@UNIQUE_CHECKS, UNIQUE_CHECKS=0;
SET @OLD_FOREIGN_KEY_CHECKS=@@FOREIGN_KEY_CHECKS, FOREIGN_KEY_CHECKS=0;
SET @OLD_SQL_MODE=@@SQL_MODE, SQL_MODE='ONLY_FULL_GROUP_BY,STRICT_TRANS_TABLES,NO_ZERO_IN_DATE,NO_ZERO_DATE,ERROR_FOR_DIVISION_BY_ZERO,NO_ENGINE_SUBSTITUTION';

-- -----------------------------------------------------
-- Schema wmservices
-- -----------------------------------------------------

-- -----------------------------------------------------
-- Schema wmservices
-- -----------------------------------------------------
CREATE SCHEMA IF NOT EXISTS `wmservices` DEFAULT CHARACTER SET utf8 ;
USE `wmservices` ;

-- -----------------------------------------------------
-- Table `wmservices`.`utente`
-- -----------------------------------------------------
CREATE TABLE IF NOT EXISTS `wmservices`.`utente` (
  `username` VARCHAR(100) NOT NULL,
  `nome` VARCHAR(100) NULL,
  `cognome` VARCHAR(100) NULL,
  `password` VARCHAR(255) NOT NULL,
  `email` VARCHAR(100) NOT NULL,
  `ruolo` ENUM('Amministratore', 'Ordinante', 'Tecnico') NOT NULL,
  `version` int unsigned NOT NULL DEFAULT 1,
  
  PRIMARY KEY (`username`))
ENGINE = InnoDB;

-- -----------------------------------------------------
-- Table `wmservices`.`categoria`
-- -----------------------------------------------------
CREATE TABLE IF NOT EXISTS `wmservices`.`categoria` (
  `nome` VARCHAR(45) NOT NULL,
  `version` int unsigned NOT NULL DEFAULT 1,

  PRIMARY KEY (`nome`))
  ENGINE = InnoDB;


-- -----------------------------------------------------
-- Table `wmservices`.`richiesta`
-- -----------------------------------------------------
CREATE TABLE IF NOT EXISTS `wmservices`.`richiesta` (
  `ID` INT UNSIGNED NOT NULL AUTO_INCREMENT,
  `note` TEXT(200) NULL,
  `stato` ENUM('Da prendere in carico', 'Presa in carico', 'In attesa', 'Completata') NOT NULL,
  `data` DATE NULL,
  `ID_ordinante` VARCHAR(100) NOT NULL,
  `ID_tecnico` VARCHAR(100) NULL,
  `ID_categoria` VARCHAR(45) NULL,
  `version` int unsigned NOT NULL DEFAULT 1,

  PRIMARY KEY (`ID`),
  CONSTRAINT `id_ordinante`
    FOREIGN KEY (`ID_ordinante`)
    REFERENCES `wmservices`.`utente` (`username`)
    ON DELETE CASCADE
    ON UPDATE CASCADE,
  CONSTRAINT `ID_tecnico`
    FOREIGN KEY (`ID_tecnico`)
    REFERENCES `wmservices`.`utente` (`username`)
    ON DELETE CASCADE
    ON UPDATE CASCADE,
  CONSTRAINT `ID_categoria`
    FOREIGN KEY (`ID_categoria`)
    REFERENCES `wmservices`.`micro_categoria` (`nome`)
    ON DELETE CASCADE
    ON UPDATE CASCADE)
ENGINE = InnoDB;


-- -----------------------------------------------------
-- Table `wmservices`.`sotto_categoria`
-- -----------------------------------------------------
CREATE TABLE IF NOT EXISTS `wmservices`.`sotto_categoria` (
  `nome` VARCHAR(45) NOT NULL,
  `categoria` VARCHAR(45) NOT NULL,
  `version` int unsigned NOT NULL DEFAULT 1,
  PRIMARY KEY (`nome`),
  CONSTRAINT `categoria`
    FOREIGN KEY (`categoria`)
    REFERENCES `wmservices`.`categoria` (`nome`)
    ON DELETE CASCADE
    ON UPDATE CASCADE)
ENGINE = InnoDB;

-- -----------------------------------------------------
-- Table `wmservices`.`micro_categoria`
-- -----------------------------------------------------
CREATE TABLE IF NOT EXISTS `wmservices`.`micro_categoria` (
  `nome` VARCHAR(45) NOT NULL,
  `sottocategoria` VARCHAR(45) NOT NULL,
  `version` int unsigned NOT NULL DEFAULT 1,
  PRIMARY KEY (`nome`),
  CONSTRAINT `microcategoria`
    FOREIGN KEY (`sottocategoria`)
    REFERENCES `wmservices`.`sotto_categoria` (`nome`)
    ON DELETE CASCADE
    ON UPDATE CASCADE)
ENGINE = InnoDB;


-- -----------------------------------------------------
-- Table `wmservices`.`caratteristica`
-- -----------------------------------------------------
CREATE TABLE IF NOT EXISTS `wmservices`.`caratteristica` (
  `nome` VARCHAR(45) NOT NULL,
  `version` int unsigned NOT NULL DEFAULT 1,
  PRIMARY KEY (`nome`))
ENGINE = InnoDB;


-- -----------------------------------------------------
-- Table `wmservices`.`prodotto`
-- -----------------------------------------------------
CREATE TABLE IF NOT EXISTS `wmservices`.`prodotto` (
  `codice` VARCHAR(10) NOT NULL,
  `prezzo` DECIMAL(10,2) NOT NULL,
  `nome` VARCHAR(45) NOT NULL,
  `nome_produttore` VARCHAR(45) NULL,
  `URL` VARCHAR(200) NULL,
  `version` int unsigned NOT NULL DEFAULT 1,
  PRIMARY KEY (`codice`))
ENGINE = InnoDB;


-- -----------------------------------------------------
-- Table `wmservices`.`proposta`
-- -----------------------------------------------------
CREATE TABLE IF NOT EXISTS `wmservices`.`proposta` (
  `ID` INT UNSIGNED NOT NULL AUTO_INCREMENT,
  `revisione` ENUM('Accettata', 'Rifiutata','In attesa','Conclusa', 'Conclusa: Rifiutata') NULL,
  `note` TEXT(200) NULL,
  `data` DATE NULL,
  `rev_motivazione` TEXT(200) NULL,
  `version` int unsigned NOT NULL DEFAULT 1,
  `ID_richiesta` INT UNSIGNED NOT NULL,
  `ID_tecnico` VARCHAR(100) NULL,
  `ID_prodotto` VARCHAR(10) NOT NULL,
  PRIMARY KEY (`ID`),
  CONSTRAINT `id_richiesta`
    FOREIGN KEY (`ID_richiesta`)
    REFERENCES `wmservices`.`richiesta` (`ID`)
    ON DELETE CASCADE
    ON UPDATE CASCADE,
  CONSTRAINT `id_tecnico_proposta`
    FOREIGN KEY (`ID_tecnico`)
    REFERENCES `wmservices`.`utente` (`username`)
    ON DELETE CASCADE
    ON UPDATE CASCADE,
  CONSTRAINT `ID_prodotto`
    FOREIGN KEY (`ID_prodotto`)
    REFERENCES `wmservices`.`prodotto` (`codice`)
    ON DELETE CASCADE
    ON UPDATE CASCADE)
ENGINE = InnoDB;



-- -----------------------------------------------------
-- Table `wmservices`.`ordine`
-- -----------------------------------------------------
CREATE TABLE IF NOT EXISTS `wmservices`.`ordine` (
  `ID` INT UNSIGNED NOT NULL AUTO_INCREMENT,
  `stato` ENUM('In attesa', 'Accettato', 'Rifiutato: non conforme', 'Rifiutato: non funzionante') NOT NULL,
  `dataOrdine` DATE NOT NULL,
  `dataConsegna` DATE NOT NULL,
  `ID_proposta` INT UNSIGNED NOT NULL,
  `version` int unsigned NOT NULL DEFAULT 1,
  PRIMARY KEY (`ID`),
  CONSTRAINT `ID_proposta_ordine`
    FOREIGN KEY (`ID_proposta`)
    REFERENCES `wmservices`.`proposta` (`ID`)
    ON DELETE CASCADE
    ON UPDATE CASCADE)
ENGINE = InnoDB;

-- -----------------------------------------------------
-- Table `wmservices`.`caratteristica_MC`
-- -----------------------------------------------------
CREATE TABLE IF NOT EXISTS `wmservices`.`caratteristica_MC` (
  `nome_caratteristica` VARCHAR(45) NOT NULL,
  `nome_mc` VARCHAR(45) NOT NULL,
  PRIMARY KEY (`nome_caratteristica`,`nome_mc`),
  CONSTRAINT `nome_caratteristica`
    FOREIGN KEY (`nome_caratteristica`)
    REFERENCES `wmservices`.`caratteristica` (`nome`)
    ON DELETE CASCADE
    ON UPDATE CASCADE,
  CONSTRAINT `nome_mc`
    FOREIGN KEY (`nome_mc`)
    REFERENCES `wmservices`.`micro_categoria` (`nome`)
    ON DELETE CASCADE
    ON UPDATE CASCADE)
ENGINE = InnoDB;


-- -----------------------------------------------------
-- Table `wmservices`.`caratteristica_richiesta`
-- -----------------------------------------------------
CREATE TABLE IF NOT EXISTS `wmservices`.`caratteristica_richiesta` (
  `ID_richiesta` INT UNSIGNED NOT NULL,
  `nome_caratteristica` VARCHAR(45) NOT NULL,
  `valore` VARCHAR(45) NULL,
  PRIMARY KEY (`ID_richiesta`,`nome_caratteristica`),
  CONSTRAINT `ID_richiesta_caratteristica`
    FOREIGN KEY (`ID_richiesta`)
    REFERENCES `wmservices`.`richiesta` (`ID`)
    ON DELETE CASCADE
    ON UPDATE CASCADE,
  CONSTRAINT `nome_caratteristica_`
    FOREIGN KEY (`nome_caratteristica`)
    REFERENCES `wmservices`.`caratteristica` (`nome`)
    ON DELETE CASCADE
    ON UPDATE CASCADE)
ENGINE = InnoDB;


SET SQL_MODE=@OLD_SQL_MODE;
SET FOREIGN_KEY_CHECKS=@OLD_FOREIGN_KEY_CHECKS;
SET UNIQUE_CHECKS=@OLD_UNIQUE_CHECKS;


-- INSERT 
INSERT INTO utente (username,nome,cognome,password,email,ruolo) VALUES 
('admin','','','4a27a4416f22a57910221216fb3500cc8ee6375ef9dc9127aaf4e11650356db84bfd405a85f26215b8595759387afe74','admin@admin.com','Amministratore'), /*pass: admin*/
('simone','Simone','Rabottini','fe94bf619d446808823eb97f67f6feeb7de471490545115c4816dc95e8248742ebf153c92aac676c1563c0bf0093eb15','simone@gmail.com','Ordinante'), /*pass: simone*/
('antonio','Antonio','Addario','bddc50d2d46012e8bd77f961ace52edc4778da29e500385521deaac791a144bf9ac7bde473432e64e191de901e69ddd1','antonio@gmail.com','Ordinante'), /*pass: antonio*/
('giacomo','Giacomo','Calcaterra','9ef790d8fe983025ba26047e095ed76c6ee8d59beadc4359878a050e0eccc4fbe87500eee3af2edc00343fc0a4c38b8e','giacomo@gmail.com','Ordinante'), /*pass: giacomo*/
('tecnico','Tecnico','Principale','3157d3630230516446097ce4545d728920297950528190d73e9067e3528b550d30ffa169595c567b411ec09feebfdbab','tecnico@gmail.com','Tecnico'), /*pass: tecnico*/
('tecnico2','Tecnico','Secondario','c61ef43a49a40925b3077f1102c82d17ac2b6056497cb7e246bd903c204904afd25f2bedf19642374b1d404f6f1b7ca4','tecnico2@gmail.com','Tecnico'); /*pass: tecnico2*/


INSERT INTO categoria(nome,version) VALUES 
('Libri', 1),
('Veicoli','1'),
('Fai da te','1'),
('Informatica','1'),
('Sport','1');

INSERT INTO sotto_categoria(nome,categoria,version) VALUES 
('eBook','Libri',1),
('Scolastici','Libri',1),
('Autovetture','Veicoli',1),
('Moto','Veicoli',1),
('Attrezzi','Fai da te',1),
('Computer','Informatica',1),
('Videogiochi e console','Informatica',1),
('Pallacanestro','Sport',1),
('Calcio','Sport',1);


INSERT INTO micro_categoria(nome,sottocategoria,version) VALUES 
('Romanzi','eBook',1),
('Fumetti','eBook',1),
('Matematica','Scolastici',1),
('Italiano','Scolastici',1),
('Supercar','Autovetture',1),
('Utilitarie','Autovetture',1),
('Stradali','Moto',1),
('Da corsa','Moto',1),
('Martelli','Attrezzi',1),
('Pinze','Attrezzi',1),
('Desktop','Computer',1),
('Notebook','Computer',1),
('Giochi','Videogiochi e console',1),
('Accessori','Videogiochi e console',1),
('Scarpe','Calcio',1),
('Abbigliamento','Calcio',1),
('Maglie','Pallacanestro',1),
('Palloni','Pallacanestro',1);



INSERT INTO caratteristica(nome, version) VALUES 
('Titolo', 1),
('Autore', 1),
('Classe del bambino', 1),
('Fascia di eta', 1),
('Cavalli', 1),
('Cilindrata', 1),
('Posti a sedere', 1),
('Impugnatura', 1),
('Tipologia', 1),
('CPU', 1),
('RAM', 1),
('OS', 1),
('Schermo', 1),
('Condizione', 1),
('Dispositivo', 1),
('Colore', 1),
('Materiale' ,1),
('Taglia', 1),
('Grandezza', 1);


INSERT INTO richiesta VALUES 
(1,'Della Dainese','Completata','2024-12-11','giacomo','tecnico','Stradali',4),
(2,'Nessuna nota aggiuntiva','In attesa','2024-12-11','giacomo','tecnico','Stradali',3),
(3,'Nessuna nota aggiuntiva','Presa in carico','2024-12-11','giacomo','tecnico','Martelli',2),
(4,'Manico lungo','Da prendere in carico','2024-12-11','giacomo',NULL,'Pinze',1),
(5,'Nessuna nota aggiuntiva','Completata','2024-12-11','giacomo','tecnico','Desktop',4),
(6,'Bianche della PS5','Da prendere in carico','2024-12-11','giacomo',NULL,'Accessori',1),
(7,'Nessuna nota aggiuntiva','Presa in carico','2024-12-11','giacomo','tecnico','Notebook',2),
(8,'Un gioco che assomiglia a Super Mario Bros','Completata','2024-12-11','giacomo','tecnico','Giochi',4),
(9,'Nessuna nota aggiuntiva','Da prendere in carico','2024-12-11','giacomo',NULL,'Fumetti',1),
(10,'Nessuna nota aggiuntiva','Presa in carico','2024-12-11','giacomo','tecnico','Romanzi',2),
(11,'Con esercizi di grammatica e tante immagini','Completata','2024-12-11','giacomo','tecnico','Italiano',6),
(12,'Nessuna nota aggiuntiva','Completata','2024-12-11','giacomo','tecnico','Matematica',4),
(13,'Della Roma','Da prendere in carico','2024-12-11','giacomo',NULL,'Abbigliamento',1),
(14,'Nessuna nota aggiuntiva','Da prendere in carico','2024-12-11','giacomo',NULL,'Scarpe',1),
(15,'Di Jason Tatum','In attesa','2024-12-11','giacomo','tecnico','Maglie',3),
(16,'Nessuna nota aggiuntiva','In attesa','2024-12-11','giacomo','tecnico','Palloni',3),
(17,'Nessuna nota aggiuntiva','Da prendere in carico','2024-12-11','giacomo',NULL,'Notebook',1),
(18,'Nessuna nota aggiuntiva','Presa in carico','2024-12-11','giacomo','tecnico','Utilitarie',2),
(19,'Nessuna nota aggiuntiva','Presa in carico','2024-12-11','giacomo','tecnico','Supercar',2),
(20,'Nessuna nota aggiuntiva','Da prendere in carico','2024-12-11','giacomo',NULL,'Supercar',1),

(21,'Della Dainese','Completata','2024-12-11','simone','tecnico','Stradali',4),
(22,'Nessuna nota aggiuntiva','In attesa','2024-12-11','simone','tecnico','Stradali',3),
(23,'Nessuna nota aggiuntiva','Presa in carico','2024-12-11','simone','tecnico','Martelli',2),
(24,'Manico lungo','Da prendere in carico','2024-12-11','simone',NULL,'Pinze',1),
(25,'Nessuna nota aggiuntiva','Completata','2024-12-11','simone','tecnico','Desktop',4),
(26,'Bianche della PS5','Da prendere in carico','2024-12-11','simone',NULL,'Accessori',1),
(27,'Nessuna nota aggiuntiva','Presa in carico','2024-12-11','simone','tecnico','Notebook',2),
(28,'Un gioco che assomiglia a Super Mario Bros','Completata','2024-12-11','simone','tecnico','Giochi',4),
(29,'Nessuna nota aggiuntiva','Da prendere in carico','2024-12-11','simone',NULL,'Fumetti',1),
(30,'Nessuna nota aggiuntiva','Presa in carico','2024-12-11','simone','tecnico','Romanzi',2),
(31,'Con esercizi di grammatica e tante immagini','Completata','2024-12-11','simone','tecnico','Italiano',6),
(32,'Nessuna nota aggiuntiva','Completata','2024-12-11','simone','tecnico','Matematica',4),
(33,'Della Roma','Da prendere in carico','2024-12-11','simone',NULL,'Abbigliamento',1),
(34,'Nessuna nota aggiuntiva','Da prendere in carico','2024-12-11','simone',NULL,'Scarpe',1),
(35,'Di Jason Tatum','In attesa','2024-12-11','simone','tecnico','Maglie',3),
(36,'Nessuna nota aggiuntiva','In attesa','2024-12-11','simone','tecnico','Palloni',3),
(37,'Nessuna nota aggiuntiva','Da prendere in carico','2024-12-11','simone',NULL,'Notebook',1),
(38,'Nessuna nota aggiuntiva','Presa in carico','2024-12-11','simone','tecnico','Utilitarie',2),
(39,'Nessuna nota aggiuntiva','Presa in carico','2024-12-11','simone','tecnico','Supercar',2),
(40,'Nessuna nota aggiuntiva','Da prendere in carico','2024-12-11','simone',NULL,'Supercar',1),

(41,'Della Dainese','Completata','2024-12-11','antonio','tecnico','Stradali',4),
(42,'Nessuna nota aggiuntiva','In attesa','2024-12-11','antonio','tecnico','Stradali',3),
(43,'Nessuna nota aggiuntiva','Presa in carico','2024-12-11','antonio','tecnico','Martelli',2),
(44,'Manico lungo','Da prendere in carico','2024-12-11','antonio',NULL,'Pinze',1),
(45,'Nessuna nota aggiuntiva','Completata','2024-12-11','antonio','tecnico','Desktop',4),
(46,'Bianche della PS5','Da prendere in carico','2024-12-11','antonio',NULL,'Accessori',1),
(47,'Nessuna nota aggiuntiva','Presa in carico','2024-12-11','antonio','tecnico','Notebook',2),
(48,'Un gioco che assomiglia a Super Mario Bros','Completata','2024-12-11','antonio','tecnico','Giochi',4),
(49,'Nessuna nota aggiuntiva','Da prendere in carico','2024-12-11','antonio',NULL,'Fumetti',1),
(50,'Nessuna nota aggiuntiva','Presa in carico','2024-12-11','antonio','tecnico','Romanzi',2),
(51,'Con esercizi di grammatica e tante immagini','Completata','2024-12-11','antonio','tecnico','Italiano',6),
(52,'Nessuna nota aggiuntiva','Completata','2024-12-11','antonio','tecnico','Matematica',4),
(53,'Della Roma','Da prendere in carico','2024-12-11','antonio',NULL,'Abbigliamento',1),
(54,'Nessuna nota aggiuntiva','Da prendere in carico','2024-12-11','antonio',NULL,'Scarpe',1),
(55,'Di Jason Tatum','In attesa','2024-12-11','antonio','tecnico','Maglie',3),
(56,'Nessuna nota aggiuntiva','In attesa','2024-12-11','antonio','tecnico','Palloni',3),
(57,'Nessuna nota aggiuntiva','Da prendere in carico','2024-12-11','antonio',NULL,'Notebook',1),
(58,'Nessuna nota aggiuntiva','Presa in carico','2024-12-11','antonio','tecnico','Utilitarie',2),
(59,'Nessuna nota aggiuntiva','Presa in carico','2024-12-11','antonio','tecnico','Supercar',2),
(60,'Nessuna nota aggiuntiva','Da prendere in carico','2024-12-11','antonio',NULL,'Supercar',1);


INSERT INTO caratteristica_richiesta VALUES 
(1,'Cilindrata','125'),
(1,'Cavalli','Indifferente'),
(2,'Cilindrata','Indifferente'),
(2,'Cavalli','50'),
(3,'Impugnatura','Gommata'),
(3,'Tipologia','Da carpentiere'),
(4,'Impugnatura','Indifferente'),
(4,'Tipologia','Per carpentieri'),
(5,'RAM','8'),
(6,'Dispositivo','Cuffie'),
(7,'CPU','Indifferente'),
(7,'OS','Windows'),
(7,'RAM','8'),
(7,'Schermo','27 pollici'),
(8,'Condizione','Nuovo'),
(8,'Tipologia','Avventura'),
(9,'Autore','Simone Rabottini'),
(9,'Titolo','Attacco degli informatici'),
(10,'Autore','Rosa Colonna'),
(10,'Titolo','La nuvola e l orologio'),
(11,'Classe del bambino','Quarta elementare'),
(11,'Fascia di eta','Indifferente'),
(12,'Classe del bambino','Seconda media'),
(12,'Fascia di eta','10-15'),
(13,'Colore','Rosso'),
(13,'Tipologia','Maglietta a maniche corte'),
(14,'Colore','Giallo'),
(14,'Tipologia','Scarpe da calcio con tacchetti'),
(15,'Materiale','Indifferente'),
(15,'Taglia','L'),
(16,'Grandezza','Taglia 7'),
(16,'Tipologia','Da esterno'),
(17,'CPU','Indifferente'),
(17,'OS','Apple'),
(17,'RAM','12'),
(17,'Schermo','29 pollici'),
(18,'Posti a sedere','5'),
(19,'Cilindrata','1.6'),
(19,'Cavalli','Indifferente'),
(20,'Cilindrata','Indifferente'),
(20,'Cavalli','260'),

(21,'Cilindrata','125'),
(21,'Cavalli','Indifferente'),
(22,'Cilindrata','Indifferente'),
(22,'Cavalli','50'),
(23,'Impugnatura','Gommata'),
(23,'Tipologia','Da carpentiere'),
(24,'Impugnatura','Indifferente'),
(24,'Tipologia','Per carpentieri'),
(25,'RAM','8'),
(26,'Dispositivo','Cuffie'),
(27,'CPU','Indifferente'),
(27,'OS','Windows'),
(27,'RAM','8'),
(27,'Schermo','27 pollici'),
(28,'Condizione','Nuovo'),
(28,'Tipologia','Avventura'),
(29,'Autore','Simone Rabottini'),
(29,'Titolo','Attacco degli informatici'),
(30,'Autore','Rosa Colonna'),
(30,'Titolo','La nuvola e l orologio'),
(31,'Classe del bambino','Quarta elementare'),
(31,'Fascia di eta','Indifferente'),
(32,'Classe del bambino','Seconda media'),
(32,'Fascia di eta','10-15'),
(33,'Colore','Rosso'),
(33,'Tipologia','Maglietta a maniche corte'),
(34,'Colore','Giallo'),
(34,'Tipologia','Scarpe da calcio con tacchetti'),
(35,'Materiale','Indifferente'),
(35,'Taglia','L'),
(36,'Grandezza','Taglia 7'),
(36,'Tipologia','Da esterno'),
(37,'CPU','Indifferente'),
(37,'OS','Apple'),
(37,'RAM','12'),
(37,'Schermo','29 pollici'),
(38,'Posti a sedere','5'),
(39,'Cilindrata','1.6'),
(39,'Cavalli','Indifferente'),
(40,'Cilindrata','Indifferente'),
(40,'Cavalli','260'),

(41,'Cilindrata','125'),
(41,'Cavalli','Indifferente'),
(42,'Cilindrata','Indifferente'),
(42,'Cavalli','50'),
(43,'Impugnatura','Gommata'),
(43,'Tipologia','Da carpentiere'),
(44,'Impugnatura','Indifferente'),
(44,'Tipologia','Per carpentieri'),
(45,'RAM','8'),
(46,'Dispositivo','Cuffie'),
(47,'CPU','Indifferente'),
(47,'OS','Windows'),
(47,'RAM','8'),
(47,'Schermo','27 pollici'),
(48,'Condizione','Nuovo'),
(48,'Tipologia','Avventura'),
(49,'Autore','Simone Rabottini'),
(49,'Titolo','Attacco degli informatici'),
(50,'Autore','Rosa Colonna'),
(50,'Titolo','La nuvola e l orologio'),
(51,'Classe del bambino','Quarta elementare'),
(51,'Fascia di eta','Indifferente'),
(52,'Classe del bambino','Seconda media'),
(52,'Fascia di eta','10-15'),
(53,'Colore','Rosso'),
(53,'Tipologia','Maglietta a maniche corte'),
(54,'Colore','Giallo'),
(54,'Tipologia','Scarpe da calcio con tacchetti'),
(55,'Materiale','Indifferente'),
(55,'Taglia','L'),
(56,'Grandezza','Taglia 7'),
(56,'Tipologia','Da esterno'),
(57,'CPU','Indifferente'),
(57,'OS','Apple'),
(57,'RAM','12'),
(57,'Schermo','29 pollici'),
(58,'Posti a sedere','5'),
(59,'Cilindrata','1.6'),
(59,'Cavalli','Indifferente'),
(60,'Cilindrata','Indifferente'),
(60,'Cavalli','260');


INSERT INTO prodotto VALUES 
('00001',34.99,'125','Dainese','www.dainese.com',1),
('00002',8.99,'Imparando insieme','Zanichelli','www.zanichelli/bambini.com',1),
('00003',44.99,'Mario Kart','Nintendo','www.nintendo.com',1),
('00004',179.99,'Aspire','Acer','www.acer.com',1),
('00005',1.00,'00005','Pearson','www.pearson.com',1),
('00006',23.00,'50 ','Dainese','www.dainese.com',1),
('00007',108.99,'Canotta Jason Tatum','Jordan','www.jordan.com',1),

('00008',34.99,'125','Dainese','www.dainese.com',1),
('00009',8.99,'Imparando insieme','Zanichelli','www.zanichelli/bambini.com',1),
('00010',44.99,'Mario Kart','Nintendo','www.nintendo.com',1),
('00011',179.99,'Aspire','Acer','www.acer.com',1),
('00012',1.00,'00005','Pearson','www.pearson.com',1),
('00013',23.00,'50 ','Dainese','www.dainese.com',1),
('00014',108.99,'Canotta Jason Tatum','Jordan','www.jordan.com',1),

('00015',34.99,'125','Dainese','www.dainese.com',1),
('00016',8.99,'Imparando insieme','Zanichelli','www.zanichelli/bambini.com',1),
('00017',44.99,'Mario Kart','Nintendo','www.nintendo.com',1),
('00018',179.99,'Aspire','Acer','www.acer.com',1),
('00019',1.00,'00005','Pearson','www.pearson.com',1),
('00020',23.00,'50 ','Dainese','www.dainese.com',1),
('00021',108.99,'Canotta Jason Tatum','Jordan','www.jordan.com',1);

INSERT INTO proposta VALUES 
(1,'Conclusa','Nessuna nota aggiuntiva','2024-12-11',NULL,3,1,'tecnico','00001'),
(2,'Conclusa: Rifiutata','Nessuna nota aggiuntiva','2024-12-11','La Zanichelli fa dei libri troppo difficili.',3,11,'tecnico','00002'),
(3,'Conclusa','Nessuna nota aggiuntiva','2024-12-11',NULL,3,8,'tecnico','00003'),
(4,'Conclusa','Nessuna nota aggiuntiva','2024-12-11',NULL,3,5,'tecnico','00004'),
(5,'Conclusa','Nessuna nota aggiuntiva','2024-12-11',NULL,3,11,'tecnico','00005'),
(6,'In attesa','Nessuna nota aggiuntiva','2024-12-11',NULL,1,16,'tecnico','00005'),
(7,'Conclusa','Nessuna nota aggiuntiva','2024-12-11',NULL,3,12,'tecnico','00005'),
(8,'Accettata','Nessuna nota aggiuntiva','2024-12-11',NULL,2,2,'tecnico','00006'),
(9,'In attesa','Nessuna nota aggiuntiva','2024-12-11',NULL,1,15,'tecnico','00007'),

(10,'Conclusa','Nessuna nota aggiuntiva','2024-12-11',NULL,3,21,'tecnico','00008'),
(11,'Conclusa: Rifiutata','Nessuna nota aggiuntiva','2024-12-11','La Zanichelli fa dei libri troppo difficili.',3,31,'tecnico','00009'),
(12,'Conclusa','Nessuna nota aggiuntiva','2024-12-11',NULL,3,28,'tecnico','00010'),
(13,'Conclusa','Nessuna nota aggiuntiva','2024-12-11',NULL,3,25,'tecnico','00011'),
(14,'Conclusa','Nessuna nota aggiuntiva','2024-12-11',NULL,3,31,'tecnico','00012'),
(15,'In attesa','Nessuna nota aggiuntiva','2024-12-11',NULL,1,36,'tecnico','00012'),
(16,'Conclusa','Nessuna nota aggiuntiva','2024-12-11',NULL,3,32,'tecnico','00012'),
(17,'Accettata','Nessuna nota aggiuntiva','2024-12-11',NULL,2,22,'tecnico','00013'),
(18,'In attesa','Nessuna nota aggiuntiva','2024-12-11',NULL,1,35,'tecnico','00014'),

(19,'Conclusa','Nessuna nota aggiuntiva','2024-12-11',NULL,3,41,'tecnico','00015'),
(20,'Conclusa: Rifiutata','Nessuna nota aggiuntiva','2024-12-11','La Zanichelli fa dei libri troppo difficili.',3,51,'tecnico','00016'),
(21,'Conclusa','Nessuna nota aggiuntiva','2024-12-11',NULL,3,48,'tecnico','00017'),
(22,'Conclusa','Nessuna nota aggiuntiva','2024-12-11',NULL,3,45,'tecnico','00018'),
(23,'Conclusa','Nessuna nota aggiuntiva','2024-12-11',NULL,3,51,'tecnico','00019'),
(24,'In attesa','Nessuna nota aggiuntiva','2024-12-11',NULL,1,56,'tecnico','00019'),
(25,'Conclusa','Nessuna nota aggiuntiva','2024-12-11',NULL,3,52,'tecnico','00019'),
(26,'Accettata','Nessuna nota aggiuntiva','2024-12-11',NULL,2,42,'tecnico','00020'),
(27,'In attesa','Nessuna nota aggiuntiva','2024-12-11',NULL,1,55,'tecnico','00021');


INSERT INTO ordine VALUES 
(1,'Accettato','2024-12-11','2024-12-14',4,2),
(2,'Rifiutato: non funzionante','2024-12-11','2024-12-14',5,2),
(3,'Rifiutato: non funzionante','2024-12-11','2024-12-14',3,2),
(4,'Rifiutato: non conforme','2024-12-11','2024-12-14',7,2),
(5,'In attesa','2024-12-11','2024-12-14',1,1),

(6,'Accettato','2024-12-11','2024-12-14',13,2),
(7,'Rifiutato: non funzionante','2024-12-11','2024-12-14',14,2),
(8,'Rifiutato: non funzionante','2024-12-11','2024-12-14',12,2),
(9,'Rifiutato: non conforme','2024-12-11','2024-12-14',16,2),
(10,'In attesa','2024-12-11','2024-12-14',10,1),

(11,'Accettato','2024-12-11','2024-12-14',22,2),
(12,'Rifiutato: non funzionante','2024-12-11','2024-12-14',23,2),
(13,'Rifiutato: non funzionante','2024-12-11','2024-12-14',21,2),
(14,'Rifiutato: non conforme','2024-12-11','2024-12-14',25,2),
(15,'In attesa','2024-12-11','2024-12-14',20,1);


INSERT INTO caratteristica_MC(nome_caratteristica,nome_mc) VALUES 
('Titolo','Romanzi'),
('Autore','Romanzi'),
('Autore','Fumetti'),
('Titolo','Fumetti'),
('Classe del bambino','Matematica'),
('Fascia di eta','Matematica'),
('Classe del bambino','Italiano'),
('Fascia di eta','Italiano'),
('Cavalli','Supercar'),
('Cilindrata','Supercar'),
('Posti a sedere','Utilitarie'),
('Cavalli','Stradali'),
('Cilindrata','Stradali'),
('Impugnatura', 'Martelli'),
('Tipologia', 'Martelli'),
('Impugnatura', 'Pinze'),
('Tipologia', 'Pinze'),
('CPU','Notebook'),
('RAM','Notebook'),
('RAM','Desktop'),
('OS','Notebook'),
('Schermo','Notebook'),
('Tipologia', 'Giochi'),
('Condizione', 'Giochi'),
('Dispositivo', 'Accessori'),
('Tipologia', 'Abbigliamento'),
('Colore', 'Abbigliamento'),
('Tipologia', 'Scarpe'),
('Colore', 'Scarpe'),
('Materiale', 'Maglie'),
('Taglia', 'Maglie'),
('Tipologia', 'Palloni'),
('Grandezza', 'Palloni');
